k,Pop,gia,gia-cost,gia-time,eig,eig-cost,eig-time,hd,hd-cost,hd-time,maf,maf-cost,maf-time,ubg,ubg-cost,ubg-time,dssa,dssa-cost,dssa-time
10,8,8.35109,33,0.107,8.35109,29,70.703,8.35109,631,0.136,8.26212,28,42.919,8.02985,22,33.215,8.50823,200,24.393
20,8,16.7487,51,0.11,16.7022,48,84.957,16.7022,641,0.12,16.2556,52,44.859,16.5242,41,34.045,16.1245,185,21.126
10,8,8.35109,35,0.092,8.35109,29,108.311,8.35109,631,0.136,8.26212,28,42.725,8.02985,22,33.277,8.65556,186,22.024
10,8,9.23324,40,0.597,1.69119e-306,1.69119e-306,1.69119e-306,9.23324,636,0.695,9.25071,36,76.502,9.19698,27,274.243,9.1615,167,21.928
