k,Pop,gia,gia-cost,gia-time,eig,eig-cost,eig-time,hd,hd-cost,hd-time,maf,maf-cost,maf-time,ubg,ubg-cost,ubg-time,dssa,dssa-cost,dssa-time
10,8,8.35109,35,0.05,8.35109,8.35109,8.35109,8.35109,8.35109,8.35109,8.35109,8.35109,8.35109,8.36583,21,22.612,8.35109,8.35109,8.35109
10,8,8.35109,35,0.109,8.35109,8.35109,8.35109,8.35109,8.35109,8.35109,8.35109,8.35109,8.35109,8.26212,23,31.272,8.35109,8.35109,8.35109
10,8,8.35109,34,0.115,8.35109,8.35109,8.35109,8.35109,8.35109,8.35109,8.35109,8.35109,8.35109,8.26212,23,31.359,8.35109,8.35109,8.35109
10,8,8.35109,33,0.132,8.35109,8.35109,8.35109,8.35109,8.35109,8.35109,8.35109,8.35109,8.35109,8.26212,23,36.667,8.35109,8.35109,8.35109
10,8,8.35109,34,0.129,8.35109,8.35109,8.35109,8.35109,8.35109,8.35109,8.35109,8.35109,8.35109,8.26212,23,35.317,8.35109,8.35109,8.35109
10,8,8.35109,34,0.104,8.35109,29,75.735,8.35109,8.35109,8.35109,8.35109,8.35109,8.35109,8.16095,24,24.562,8.35109,8.35109,8.35109
10,8,8.35109,35,0.109,8.2873,29,69.381,8.35109,8.35109,8.35109,8.35109,8.35109,8.35109,9.08833,24,27.792,8.35109,8.35109,8.35109
