k,Pop,gia,gia-cost,gia-time,eig,eig-cost,eig-time,hd,hd-cost,hd-time,maf,maf-cost,maf-time,ubg,ubg-cost,ubg-time,dssa,dssa-cost,dssa-time
10,8,8.30282,20,0.008,5.82997e-322,5.82997e-322,5.82997e-322,8.30282,4648,0.343,8.69319,14,0.645,8.80808,14,1.021,8.1944,2990,0.681
100,8,83.0282,293,0.024,5.82997e-322,5.82997e-322,5.82997e-322,83.0282,5912,0.246,84.0098,296,3.892,82.2812,262,106.119,80.2985,2808,2.236
